<?xml version="1.0" encoding="UTF-8"?>
<!DOCTYPE tiles-definitions PUBLIC "-//Apache Software Foundation//DTD Tiles Configuration 2.1//EN" "http://tiles.apache.org/dtds/tiles-config_2_1.dtd">

<tiles-definitions>
	<definition name="layouts-tiles" template="/WEB-INF/tiles/tiles-layout.jsp">
		<put-attribute name="header" value="/WEB-INF/jsp/comm/header.jsp"/>
		<put-attribute name="body"	 value=""/>
		<put-attribute name="footer" value="/WEB-INF/jsp/comm/footer.jsp"/>
	</definition>
	
	<definition name="*/*" extends="layouts-tiles">
		<put-attribute name="body" value="/WEB-INF/jsp/{1}/{2}.jsp"/>
	</definition>
</tiles-definitions>
	